2016/1/4,14.35,14.45,14.2,14.3,467
2016/1/5,14.1,14.3,14.1,14.1,394
2016/1/6,14.15,14.3,13.95,14,497
2016/1/7,13.85,14.05,13.5,13.6,665
2016/1/8,13.5,13.85,13.5,13.8,300
2016/1/11,13.85,13.95,13.35,13.7,429
2016/1/12,13.7,14.05,13.65,13.8,445
2016/1/13,13.8,14.05,13.75,13.8,229
2016/1/14,13.65,13.7,13.5,13.6,304
2016/1/15,13.6,13.65,13.5,13.6,431
2016/1/18,13.5,14,13.4,13.9,657
2016/1/19,14,14.4,13.95,14.35,908
2016/1/20,14.4,14.45,14.2,14.25,699
2016/1/21,14.25,14.3,14.15,14.3,499
2016/1/22,14.3,14.9,14.2,14.9,1360
2016/1/25,15,15.1,14.75,14.85,1061
2016/1/26,14.65,14.8,14.55,14.7,630
2016/1/27,14.7,14.75,14.65,14.65,516
2016/1/28,14.65,15.05,14.55,14.9,1276
2016/1/29,14.9,14.9,14.7,14.85,584
2016/1/30,14.85,15.25,14.85,14.95,1272
2016/2/1,14.9,15,14.8,14.85,623
2016/2/2,14.75,14.85,14.7,14.75,492
2016/2/3,14.6,14.7,14.5,14.65,514
2016/2/15,14.5,14.55,14.4,14.45,329
2016/2/16,14.55,14.95,14.55,14.9,650
2016/2/17,15,15.1,14.85,14.9,550
2016/2/18,15,15,14.85,14.9,395
2016/2/19,14.9,14.9,14.75,14.75,351
2016/2/22,14.8,14.85,14.7,14.8,335
2016/2/23,14.95,15.6,14.95,15.35,2272
2016/2/24,15.4,15.7,15.25,15.65,2147
2016/2/25,15.9,15.9,15.55,15.6,1510
2016/2/26,15.55,15.6,15.2,15.2,1566
2016/3/1,15.3,15.35,15.1,15.15,661
2016/3/2,15.25,15.35,15.1,15.25,1178
2016/3/3,15.35,15.6,15.3,15.45,983
2016/3/4,15.45,15.5,15.35,15.4,748
2016/3/7,15.45,15.7,15.4,15.55,1124
2016/3/8,15.35,15.45,15.25,15.35,779
2016/3/9,15.2,16.6,15,16.45,4513
2016/3/10,16.45,16.45,15.7,15.75,3318
2016/3/11,16,16.4,15.85,16,2779
2016/3/14,16.1,16.2,15.85,15.85,1271
2016/3/15,15.9,16,15.7,15.8,1283
2016/3/16,15.9,16.25,15.9,16.2,1906
2016/3/17,16.25,16.35,15.8,15.8,946
2016/3/18,16.1,16.1,15.85,16,805
2016/3/21,16,16.15,15.9,16,550
2016/3/22,16,16.2,15.9,16.1,799
2016/3/23,16.1,16.25,16.05,16.05,366
2016/3/24,16.05,16.1,16,16,491
2016/3/25,16.1,16.1,16,16.05,406
2016/3/28,16.25,16.25,16,16.05,482
2016/3/29,16.05,16.05,15.8,15.85,574
2016/3/30,15.8,15.85,15.6,15.85,692
2016/3/31,16.3,16.6,16,16.05,1112
2016/4/1,16.05,16.25,15.95,15.95,1058
2016/4/6,16.2,16.45,16.1,16.45,1591
2016/4/7,16.45,16.6,16.35,16.4,1146
2016/4/8,16.35,16.35,16.1,16.3,599
2016/4/11,16,16.2,15.95,16,853
2016/4/12,16.1,16.1,15.9,16,686
2016/4/13,16,16.1,15.85,15.85,733
2016/4/14,15.8,15.95,15.8,15.8,545
2016/4/15,16,16.05,15.8,15.8,837
2016/4/18,15.8,16,15.8,15.8,577
2016/4/19,15.9,16,15.8,15.9,425
2016/4/20,15.9,15.9,15.75,15.85,531
2016/4/21,15.8,15.85,15.6,15.6,456
2016/4/22,15.65,15.75,15.4,15.45,693
2016/4/25,15.5,15.9,15.5,15.6,424
2016/4/26,15.55,15.75,15.55,15.6,357
2016/4/27,15.65,15.7,15.55,15.55,272
2016/4/28,15.6,15.7,15.55,15.6,390
2016/4/29,15.6,15.6,15.4,15.45,388
2016/5/3,15.45,15.5,15.1,15.1,641
2016/5/4,15.1,15.2,14.7,14.8,645
2016/5/5,14.8,14.95,14.2,14.6,725
2016/5/6,14.7,14.75,14.35,14.4,513
2016/5/9,14.9,15.25,14.7,14.8,1154
2016/5/10,15,15.05,14.65,14.85,513
2016/5/11,14.9,15.2,14.9,15.15,462
2016/5/12,15.1,15.1,14.7,14.7,509
2016/5/13,14.8,14.8,14.55,14.7,352
2016/5/16,14.7,14.8,14.6,14.6,418
2016/5/17,14.6,14.75,14.6,14.6,783
2016/5/18,14.7,14.7,14.45,14.6,782
2016/5/19,14.65,14.7,14.45,14.55,617
2016/5/20,14.5,14.65,14.45,14.65,594
2016/5/23,14.6,15.4,14.6,15.4,1089
2016/5/24,15.8,16.25,15.6,16.05,2919
2016/5/25,16,16.15,15.85,15.9,1218
2016/5/26,16,16.05,15.8,15.8,804
2016/5/27,15.85,15.95,15.7,15.7,811
2016/5/30,15.75,16.15,15.75,15.95,1046
2016/5/31,16,16,15.75,15.8,621
2016/6/1,15.9,16,15.75,15.8,588
2016/6/2,15.8,16.1,15.75,15.75,894
2016/6/3,15.9,15.9,15.75,15.85,612
2016/6/4,15.85,16,15.75,15.8,727
2016/6/6,15.8,15.8,15.5,15.5,757
2016/6/7,15.5,15.65,15.4,15.45,777
2016/6/8,15.45,15.55,15.2,15.25,1084
2016/6/13,15.25,15.25,15,15,862
2016/6/14,14.9,15,14.8,14.85,806
2016/6/15,14.75,14.85,14.7,14.85,647
2016/6/16,14.85,14.9,14.75,14.75,627
2016/6/17,14.9,15,14.8,14.9,649
2016/6/20,15.15,15.45,15.05,15.2,1639
2016/6/21,15.25,15.35,15.2,15.25,620
2016/6/22,15.2,15.2,15.05,15.15,600
2016/6/23,15.2,15.25,15.05,15.2,359
2016/6/24,15.15,15.2,14.8,14.9,809
2016/6/27,14.9,15.05,14.8,15,272
2016/6/28,15.1,15.1,14.95,15.05,327
2016/6/29,15.05,15.2,15.05,15.1,350
2016/6/30,15.1,15.2,15.05,15.2,379
2016/7/1,15.25,15.25,15.15,15.2,355
2016/7/4,15.2,15.2,15.1,15.2,178
2016/7/5,15,15.3,15,15.25,743
2016/7/6,15.15,15.3,15.1,15.25,396
2016/7/7,15.2,15.25,15.15,15.25,801
2016/7/11,14.85,14.95,14.75,14.85,942
2016/7/12,14.75,15.1,14.75,14.85,283
2016/7/13,14.9,14.95,14.85,14.95,324
2016/7/14,14.95,14.95,14.8,14.85,272
2016/7/15,14.85,15,14.8,14.85,739
2016/7/18,14.8,14.85,14.7,14.75,702
2016/7/19,14.8,14.85,14.7,14.8,466
2016/7/20,14.8,14.85,14.7,14.8,393
2016/7/21,14.9,14.9,14.8,14.8,303
2016/7/22,14.7,14.85,14.7,14.75,330
2016/7/25,14.7,14.85,14.7,14.75,328
2016/7/26,14.75,14.8,14.65,14.7,294
2016/7/27,14.95,14.95,14.7,14.75,195
2016/7/28,14.75,14.8,14.65,14.8,280
2016/7/29,14.8,14.85,14.75,14.75,365
2016/8/1,14.75,15.2,14.75,15.05,974
2016/8/2,15.2,15.55,15.15,15.5,2092
2016/8/3,15.4,15.5,15.25,15.35,529
2016/8/4,15.4,15.4,15.15,15.2,740
2016/8/5,15.2,15.35,15.2,15.25,419
2016/8/8,15.3,15.35,15.05,15.1,349
2016/8/9,15.05,15.05,14.95,15,590
2016/8/10,15,15.05,14.95,15,271
2016/8/11,14.95,15,14.8,15,392
2016/8/12,14.9,15.05,14.85,14.85,350
2016/8/15,14.85,14.9,14.8,14.85,217
2016/8/16,14.85,14.95,14.8,14.8,302
2016/8/17,14.9,14.95,14.75,14.95,442
2016/8/18,14.8,14.9,14.75,14.8,412
2016/8/19,14.75,14.9,14.7,14.75,342
2016/8/22,14.7,14.8,14.6,14.75,581
2016/8/23,14.65,14.85,14.65,14.75,215
2016/8/24,14.7,14.8,14.7,14.8,216
2016/8/25,14.8,14.8,14.65,14.8,378
2016/8/26,14.9,14.9,14.8,14.9,293
2016/8/29,15,15,14.8,14.95,358
2016/8/30,14.95,15,14.85,14.9,446
2016/8/31,14.8,15,14.8,15,295
2016/9/1,14.95,14.95,14.85,14.9,286
2016/9/2,14.8,15,14.8,14.9,429
2016/9/5,14.85,14.95,14.8,14.9,394
2016/9/6,14.9,14.9,14.75,14.8,323
2016/9/7,14.45,14.6,14.4,14.45,1742
2016/9/8,14.35,14.5,14.2,14.35,1070
2016/9/9,14.3,14.35,14.2,14.3,762
2016/9/10,14.2,14.3,14.2,14.25,256
2016/9/12,14.25,14.3,14.05,14.15,745
2016/9/13,14.15,14.2,13.85,13.95,628
2016/9/14,14,14.1,13.95,14.1,404
2016/9/19,13.75,14,13.65,13.9,1246
2016/9/20,13.85,13.9,13.6,13.65,1589
2016/9/21,13.65,13.65,13.45,13.65,1164
2016/9/22,13.65,13.8,13.65,13.75,483
2016/9/23,13.75,13.9,13.75,13.8,389
2016/9/26,13.8,13.9,13.65,13.75,564
2016/9/29,13.75,13.8,13.65,13.8,334
2016/9/30,13.8,13.8,13.5,13.55,416
2016/10/3,13.6,13.65,13.5,13.5,593
2016/10/4,13.5,13.65,13.5,13.6,255
2016/10/5,13.5,13.6,13.45,13.6,367
2016/10/6,13.55,13.6,13.45,13.5,511
2016/10/7,13.5,13.6,13.3,13.4,583
2016/10/11,13.4,13.45,13.2,13.2,715
2016/10/12,13.2,13.2,13.1,13.15,341
2016/10/13,13.05,13.15,13.05,13.15,394
2016/10/14,13.15,13.3,13.1,13.3,438
2016/10/17,13.3,13.35,13.1,13.25,248
2016/10/18,13.25,13.35,13.15,13.25,449
2016/10/19,13.25,13.4,13.25,13.4,475
2016/10/20,13.4,13.5,13.35,13.5,305
2016/10/21,13.5,13.5,13.35,13.35,685
2016/10/24,13.35,13.4,13.25,13.4,327
2016/10/25,13.45,13.45,13.25,13.4,314
2016/10/26,13.4,13.4,13.25,13.3,230
2016/10/27,13.4,13.4,13.1,13.1,513
2016/10/28,13.1,13.2,13.1,13.2,221
2016/10/31,13.1,13.2,13.1,13.1,274
2016/11/1,13.1,13.25,13.1,13.15,169
2016/11/2,13.2,13.25,13.05,13.05,289
2016/11/3,13.1,13.2,13,13.1,135
2016/11/4,13,13.1,13,13,301
2016/11/7,12.95,13.1,12.95,13.05,313
2016/11/8,13,13.1,13,13,190
2016/11/9,13.05,13.1,12.65,12.7,668
2016/11/10,12.75,13.05,12.75,12.8,375
2016/11/11,12.7,12.8,12.6,12.8,473
2016/11/14,12.8,12.95,12.7,12.85,372
2016/11/15,12.9,12.95,12.75,12.75,308
2016/11/16,12.8,12.95,12.7,12.7,563
2016/11/17,12.7,12.8,12.65,12.75,517
2016/11/18,12.8,13.4,12.8,13.35,1588
2016/11/21,13.3,13.6,13.3,13.45,953
2016/11/22,13.55,13.6,13.4,13.4,661
2016/11/23,13.45,13.5,13.25,13.3,609
2016/11/24,13.3,13.3,13.15,13.25,411
2016/11/25,13.3,13.4,13.2,13.2,301
2016/11/28,13.2,13.3,13.15,13.2,304
2016/11/29,13.2,13.25,13.15,13.25,237
2016/11/30,13.15,13.4,13.15,13.4,376
2016/12/1,13.4,13.45,13.2,13.25,469
2016/12/2,13.25,13.25,13.1,13.2,410
2016/12/5,13.2,13.2,13,13,397
2016/12/6,12.9,13.1,12.9,13.1,417
2016/12/7,13.1,13.2,13.05,13.05,251
2016/12/8,13.1,13.15,13,13.15,423
2016/12/9,13.1,13.15,13.05,13.15,203
2016/12/12,13.1,13.2,13,13.05,325
2016/12/13,13.05,13.1,12.85,13,582
2016/12/14,12.9,13.15,12.9,13,600
2016/12/15,13,13.1,13,13,476
2016/12/16,13,13.1,12.85,12.9,839
2016/12/19,13,13,12.9,13,471
2016/12/20,13,13.1,12.9,13.05,385
2016/12/21,13.05,13.15,13,13.05,434
2016/12/22,13.05,13.35,13.05,13.3,1666
2016/12/23,13.55,14.3,13.55,14.1,4210
2016/12/26,14.45,14.6,14.1,14.2,2564
2016/12/27,14.2,14.2,13.7,14,1158
2016/12/28,14,14.15,14,14.05,530
2016/12/29,14,14,13.85,13.85,261
2016/12/30,13.9,13.95,13.7,13.8,512
2017/1/3,13.85,13.95,13.75,13.85,289
2017/1/4,13.95,13.95,13.75,13.8,243
2017/1/5,13.8,13.9,13.7,13.7,314
2017/1/6,13.8,13.8,13.55,13.65,410
2017/1/9,13.65,13.7,13.5,13.55,551
2017/1/10,13.5,13.75,13.45,13.75,861
2017/1/11,13.8,13.85,13.65,13.75,467
2017/1/12,13.8,13.8,13.65,13.75,344
2017/1/13,13.75,13.8,13.55,13.7,300
2017/1/16,13.7,13.75,13.6,13.65,151
2017/1/17,13.7,13.75,13.6,13.65,402
2017/1/18,13.8,13.8,13.55,13.7,395
2017/1/19,13.7,13.8,13.6,13.75,377
2017/1/20,13.8,13.85,13.7,13.8,338
2017/1/23,13.8,13.85,13.75,13.85,490
2017/1/24,13.85,13.9,13.8,13.85,639
2017/2/2,13.9,13.95,13.85,13.9,555
2017/2/3,13.9,13.95,13.8,13.9,602
2017/2/6,13.95,13.95,13.8,13.9,606
2017/2/7,13.9,14,13.8,13.95,496
2017/2/8,13.9,13.95,13.85,13.95,597
2017/2/9,13.95,13.95,13.65,13.75,670
2017/2/10,13.6,13.85,13.6,13.7,474
2017/2/13,13.65,13.8,13.65,13.8,437
2017/2/14,13.8,13.85,13.65,13.75,463
2017/2/15,13.65,13.8,13.65,13.7,594
2017/2/16,13.7,13.9,13.7,13.9,763
2017/2/17,13.95,14.5,13.95,14.3,1600
2017/2/18,14.4,14.4,14.15,14.25,622
2017/2/20,14.25,14.3,14.15,14.2,493
2017/2/21,14.3,14.3,14.15,14.3,652
2017/2/22,14.3,14.4,14.25,14.3,599
2017/2/23,14.3,14.35,14.2,14.3,396
2017/2/24,14.3,14.35,14.25,14.3,628
2017/3/1,14.3,14.75,14.3,14.55,1526
2017/3/2,14.65,14.65,14.4,14.5,601
2017/3/3,14.5,14.5,14.4,14.45,303
2017/3/6,14.4,14.45,14.1,14.2,505
2017/3/7,14.15,14.15,13.95,14.05,958
2017/3/8,14.05,14.25,14,14.1,530
2017/3/9,14.1,14.1,14,14.05,306
2017/3/10,14.05,14.05,13.8,13.95,304
2017/3/13,14.05,14.15,13.95,14.15,488
2017/3/14,14.15,14.25,14.15,14.2,402
2017/3/15,14.2,14.2,13.95,14,263
2017/3/16,14.1,14.2,13.95,14.1,425
2017/3/17,14.1,14.45,14,14.45,882
2017/3/20,14.45,14.45,14.3,14.45,643
2017/3/21,14.45,14.6,14.4,14.6,1483
2017/3/22,14.6,16.05,14.55,15.6,8433
2017/3/23,15.6,15.6,15,15.25,2515
2017/3/24,15.25,15.3,15,15.05,1181
2017/3/27,15.05,15.05,14.6,14.6,1144
2017/3/28,14.6,14.8,14.4,14.45,1042
2017/3/29,14.45,14.5,14.2,14.35,921
2017/3/30,14.35,14.4,14.2,14.35,397
2017/3/31,14.35,14.35,14.2,14.25,479
2017/4/5,14.25,14.3,14.1,14.3,741
2017/4/6,14.25,14.25,14.05,14.05,492
2017/4/7,14.1,14.15,13.95,14,556
2017/4/10,13.95,14.05,13.85,13.95,679
2017/4/11,14,14,13.7,13.8,1286
2017/4/12,13.8,13.8,13.65,13.75,552
2017/4/13,13.8,13.95,13.7,13.9,576
2017/4/14,13.9,13.9,13.65,13.65,451
2017/4/17,13.6,13.6,13.35,13.5,608
2017/4/18,13.5,13.85,13.35,13.8,749
2017/4/19,13.7,13.85,13.5,13.65,609
2017/4/20,13.8,13.85,13.55,13.55,643
2017/4/21,13.7,13.8,13.7,13.75,345
2017/4/24,13.8,13.8,13.65,13.8,314
2017/4/25,13.8,13.95,13.8,13.9,406
2017/4/26,13.85,13.9,13.8,13.9,435
2017/4/27,13.9,14.05,13.85,14.05,322
2017/4/28,14.1,14.1,13.95,14.05,331
2017/5/2,14.05,14.1,13.95,14.1,439
2017/5/3,14,14.1,13.9,13.95,366
2017/5/4,14,14,13.9,14,220
2017/5/5,14,14.05,13.85,13.85,359
2017/5/8,13.95,14,13.8,13.95,312
2017/5/9,13.95,14.05,13.9,13.95,419
2017/5/10,13.9,14,13.85,14,394
2017/5/11,13.85,14,13.85,14,228
2017/5/12,14,14.1,13.85,13.85,382
2017/5/15,13.85,14,13.8,13.95,637
2017/5/16,13.95,13.95,13.7,13.7,447
2017/5/17,13.7,13.95,13.7,13.95,296
2017/5/18,13.8,13.95,13.7,13.9,282
2017/5/19,13.9,13.9,13.75,13.8,298
2017/5/22,13.9,13.95,13.75,13.8,222
2017/5/23,13.8,13.85,13.75,13.8,311
2017/5/24,13.75,13.8,13.55,13.55,871
2017/5/25,13.6,13.65,13.5,13.55,916
2017/5/26,13.6,13.7,13.55,13.65,441
2017/5/31,13.7,13.8,13.7,13.8,1017
2017/6/1,13.8,13.8,13.65,13.65,354
2017/6/2,13.7,13.75,13.35,13.5,1158
2017/6/3,13.55,13.6,13.5,13.6,270
2017/6/5,13.6,13.85,13.55,13.7,667
2017/6/6,13.55,13.7,13.5,13.55,600
2017/6/7,13.55,13.55,13.4,13.4,476
2017/6/8,13.4,13.5,13.3,13.4,640
2017/6/9,13.4,13.4,13.2,13.35,691
2017/6/12,13.2,13.25,13.1,13.15,389
2017/6/13,13.15,13.25,13.1,13.15,246
2017/6/14,13.15,13.15,12.9,12.95,636
2017/6/15,12.9,12.95,12.8,12.85,521
2017/6/16,12.85,13,12.75,12.8,700
2017/6/19,12.8,12.95,12.8,12.85,316
2017/6/20,12.85,12.95,12.8,12.9,373
2017/6/21,12.9,13.3,12.9,13.25,715
2017/6/22,13.3,13.3,12.95,13.1,651
2017/6/23,13,13,12.9,12.95,418
2017/6/26,12.9,13.05,12.85,12.95,484
2017/6/27,12.95,13,12.85,12.95,747
2017/6/28,12.95,12.95,12.85,12.85,389
2017/6/29,12.85,12.95,12.8,12.85,689
2017/6/30,12.85,12.95,12.75,12.9,981
2017/7/3,12.9,13,12.9,12.9,622
2017/7/4,13,13.2,12.9,13.1,809
2017/7/5,13.1,13.15,12.9,13.05,368
2017/7/6,13.15,13.2,13.05,13.1,661
2017/7/7,13,13.1,12.85,13.05,537
2017/7/10,13.05,13.05,12.9,12.95,196
2017/7/11,12.95,13.2,12.95,13.2,769
2017/7/12,13.2,13.25,12.95,13.05,421
2017/7/13,13.05,13.15,13,13.05,240
2017/7/14,13.05,13.1,13.05,13.1,326
2017/7/17,13.1,13.2,13.05,13.1,238
2017/7/18,13.1,13.2,13,13.05,336
2017/7/19,13.15,13.2,13.05,13.1,516
2017/7/20,13.1,13.2,13.05,13.1,245
2017/7/21,13.1,13.2,13.05,13.1,205
2017/7/24,13.1,13.2,13,13.2,521
2017/7/25,13.15,13.2,13.05,13.15,373
2017/7/26,13.05,13.2,13.05,13.1,415
2017/7/27,13.1,13.2,13.05,13.05,738
2017/7/28,13.05,13.2,13.05,13.15,631
2017/7/31,13.15,13.2,13.05,13.1,301
2017/8/1,13.15,13.15,13.05,13.15,389
2017/8/2,13.1,13.2,13.1,13.15,439
2017/8/3,13.15,13.15,13.05,13.15,365
2017/8/4,13.15,13.15,12.9,12.95,720
2017/8/7,12.9,12.9,12.8,12.8,884
2017/8/8,12.8,12.9,12.75,12.8,643
2017/8/9,12.85,12.85,12.5,12.55,1542
2017/8/10,12.5,12.5,12.2,12.2,1201
2017/8/11,12.2,12.4,12.1,12.3,989
2017/8/14,12.15,12.2,12,12.05,775
2017/8/15,12.1,12.25,12,12,1028
2017/8/16,12,12.25,12,12,1134
2017/8/17,12,12.25,12,12.2,925
2017/8/18,12.2,12.3,12.1,12.2,1057
2017/8/21,12.2,12.8,12.2,12.7,2264
2017/8/22,12.7,12.7,12.5,12.5,767
2017/8/23,12.5,12.6,12.4,12.45,1182
2017/8/24,12.7,13.1,12.5,12.8,2138
2017/8/25,12.75,12.8,12.65,12.7,895
2017/8/28,12.7,12.7,12.5,12.6,665
2017/8/29,12.6,12.6,12.45,12.5,804
2017/8/30,12.75,12.75,12.6,12.7,604
2017/8/31,12.7,12.7,12.55,12.6,527
2017/9/1,12.6,12.8,12.6,12.65,559
2017/9/4,12.6,12.75,12.55,12.55,693
2017/9/5,12.7,12.7,12.5,12.5,550
2017/9/6,12.55,12.6,12.5,12.5,495
2017/9/7,12.5,12.8,12.4,12.55,907
2017/9/8,12.5,12.65,12.45,12.6,577
2017/9/11,12.6,12.6,12.4,12.45,713
2017/9/12,12.5,12.6,12.45,12.5,365
2017/9/13,12.5,12.6,12.35,12.35,573
2017/9/14,12.35,12.9,12.3,12.5,1073
2017/9/15,12.5,12.75,12.5,12.7,882
2017/9/18,12.7,12.8,12.6,12.6,1359
2017/9/19,12.65,12.75,12.6,12.65,406
2017/9/20,12.75,12.75,12.55,12.6,496
2017/9/21,12.65,12.65,12.55,12.55,211
2017/9/22,12.55,12.55,12.4,12.45,392
2017/9/25,12.45,12.5,12.25,12.35,671
2017/9/26,12.4,12.4,12.2,12.2,411
2017/9/27,12.2,12.45,12.2,12.25,247
2017/9/28,12.25,12.3,12.2,12.25,470
2017/9/29,12.35,12.35,12.2,12.25,236
2017/9/30,12.2,12.3,12.2,12.2,271
2017/10/2,12.2,12.35,12.2,12.3,222
2017/10/3,12.4,12.4,12.2,12.2,326
2017/10/5,12.2,12.3,12.15,12.15,439
2017/10/6,12.15,12.25,12.15,12.25,486
2017/10/11,12.2,12.75,12.2,12.5,2407
2017/10/12,12.5,12.5,12.35,12.4,344
2017/10/13,12.4,12.45,12.35,12.4,258
2017/10/16,12.4,12.4,12.25,12.4,773
2017/10/17,12.4,12.4,12.25,12.25,749
2017/10/18,12.3,12.45,12.3,12.4,690
2017/10/19,12.45,12.65,12.45,12.6,993
2017/10/20,12.6,12.65,12.5,12.55,471
2017/10/23,12.55,12.6,12.5,12.5,507
2017/10/24,12.5,12.65,12.45,12.6,547
2017/10/25,12.6,12.75,12.6,12.75,814
2017/10/26,12.8,12.8,12.7,12.7,584
2017/10/27,12.7,13.25,12.7,13.05,2696
2017/10/30,13.1,13.2,12.9,12.95,1466
2017/10/31,12.9,13,12.8,12.9,742
2017/11/1,13.1,13.15,13,13.05,1355
2017/11/2,13.05,13.65,13,13.55,2538
2017/11/3,13.4,13.8,13.4,13.55,1997
2017/11/6,12.3,12.6,12.2,12.2,9218
2017/11/7,12.05,12.2,11.7,11.75,6626
2017/11/8,11.75,11.85,11.75,11.85,2286
2017/11/9,11.85,11.85,11,11.2,4323
2017/11/10,11.2,11.2,10.9,11,2894
2017/11/13,11,11.45,10.95,11.25,2096
2017/11/14,11.45,11.45,11.15,11.2,985
2017/11/15,11.25,11.3,11.05,11.1,1071
2017/11/16,11.1,11.2,10.95,11,1581
2017/11/17,11.15,11.15,11,11.1,650
2017/11/20,11.1,11.15,10.95,11,1464
2017/11/21,11,11.15,11,11.1,1403
2017/11/22,11.1,11.15,11,11.15,1741
2017/11/23,11.2,11.65,11.2,11.55,2813
2017/11/24,11.55,11.6,11.35,11.5,1513
2017/11/27,11.65,12,11.55,11.85,2983
2017/11/28,11.85,11.9,11.55,11.6,1888
2017/11/29,11.6,11.65,11.5,11.6,811
2017/11/30,11.6,11.65,11.45,11.5,1321
2017/12/1,11.55,11.7,11.55,11.55,765
2017/12/4,11.6,11.8,11.55,11.75,794
2017/12/5,11.65,11.9,11.65,11.75,881
2017/12/6,11.75,11.8,11.5,11.55,847
2017/12/7,11.55,11.55,11.45,11.45,753
2017/12/8,11.45,11.5,11.35,11.35,803
2017/12/11,11.35,11.4,11.25,11.35,895
2017/12/12,11.35,11.4,11.25,11.25,1008
2017/12/13,11.3,11.55,11.25,11.55,1079
2017/12/14,11.65,11.65,11.45,11.45,712
2017/12/15,11.45,11.45,11.25,11.25,634
2017/12/18,11.25,11.3,11.2,11.2,1230
2017/12/19,11.2,11.35,11.2,11.3,681
2017/12/20,11.3,11.4,11.25,11.35,973
2017/12/21,11.4,11.55,11.4,11.45,1625
2017/12/22,11.35,11.4,11.2,11.3,1036
2017/12/25,11.3,11.3,11.2,11.3,715
2017/12/26,11.3,11.4,11.25,11.4,935
2017/12/27,11.35,11.4,11.3,11.35,588
2017/12/28,11.4,11.4,11.25,11.3,402
2017/12/29,11.3,11.4,11.3,11.3,905
2018/1/2,11.35,11.5,11.3,11.45,1003
2018/1/3,11.4,11.45,11.4,11.4,339
2018/1/4,11.5,11.5,11.45,11.5,680
2018/1/5,11.5,12.65,11.5,12.65,12200
2018/1/8,13.45,13.9,13.2,13.9,9425
2018/1/9,15.25,15.25,14.6,15.25,27399
2018/1/10,15.25,15.25,14.45,14.75,9504
2018/1/11,14.4,14.55,13.3,13.85,13005
2018/1/12,14.05,14.2,13.65,13.8,4371
2018/1/15,13.75,14.15,13.35,13.7,3129
2018/1/16,13.8,14.2,13.8,13.95,2854
2018/1/17,13.95,15.3,13.95,15.25,16052
2018/1/18,14.5,15.15,14.4,14.8,7097
2018/1/19,14.95,14.95,14.45,14.55,2754
2018/1/22,14.55,14.8,14.3,14.3,2801
2018/1/23,14.35,14.5,14.15,14.5,1959
2018/1/24,14.4,14.5,13.85,14,3312
2018/1/25,14,14.35,13.9,14.1,1610
2018/1/26,14.1,14.2,13.85,14.1,1138
2018/1/29,14.2,14.5,14.1,14.1,1132
2018/1/30,14.1,14.15,13.8,13.95,1505
2018/1/31,13.85,14.4,13.7,14.3,1844
2018/2/1,14.2,14.8,14.1,14.6,3596
2018/2/2,14.6,14.6,13.95,14.2,2153
2018/2/5,13.8,14.2,13.6,13.75,3053
2018/2/6,13.35,13.45,12.4,12.8,5345
2018/2/7,13.05,13.7,13.05,13.45,2505
2018/2/8,13.45,13.45,13.1,13.25,872
2018/2/9,12.7,13.1,12.55,13,1358
2018/2/12,13,13.1,12.9,13,883
2018/2/21,13.2,13.4,13.1,13.4,1082
2018/2/22,13.4,13.4,13.05,13.05,1445
2018/2/23,13.05,14,12.8,14,3679
2018/2/26,14.2,14.25,13.85,13.9,2594
2018/2/27,13.85,14.05,13.65,13.75,1378
2018/3/1,13.65,14,13.5,13.9,1264
2018/3/2,13.85,14.1,13.7,13.95,1903
2018/3/5,13.9,14.55,13.9,14.35,3629
2018/3/6,14.35,14.5,14.15,14.25,1542
2018/3/7,14.35,14.4,13.9,13.9,1508
2018/3/8,13.8,14,13.8,13.8,705
2018/3/9,14.1,14.1,13.7,13.8,819
2018/3/12,14.25,14.75,14.1,14.2,3640
2018/3/13,14.2,14.4,14.05,14.2,1144
2018/3/14,14.2,14.6,14.1,14.25,1641
2018/3/15,14.3,14.45,14.2,14.4,1072
2018/3/16,14.6,14.6,14.2,14.2,1545
2018/3/19,14.25,14.4,14.1,14.25,1148
2018/3/20,14.1,14.35,14.1,14.3,799
2018/3/21,14.35,14.5,14.25,14.3,1071
2018/3/22,14.3,14.5,14.3,14.3,1237
2018/3/23,14.1,14.45,14,14.3,1587
2018/3/26,14.1,14.5,14.1,14.4,1787
2018/3/27,14.5,15.8,14.45,15.8,17061
2018/3/28,15.8,16.5,15.2,16.2,17674
2018/3/29,16.1,17.8,15.8,17.7,25115
2018/3/30,17.6,19.2,17.2,18.35,26075
2018/3/31,18.8,19,18.05,18.6,14109
2018/4/2,18.75,19,18.2,18.4,9761
2018/4/3,18.2,20.2,18.1,20.1,15543
2018/4/9,22.1,22.1,22.1,22.1,11309
2018/4/10,24.3,24.3,22,23.7,36911
2018/4/11,23.7,26.05,21.85,26.05,41441
2018/4/12,25,27,24.9,26.4,29245
2018/4/13,26,26.4,25,25.5,16898
2018/4/16,25.4,25.4,23.5,24.3,9509
2018/4/17,24.9,24.9,24,24.05,8162
2018/4/18,24.15,24.8,23.8,24.8,7541
2018/4/19,25,27,25,25.9,14718
2018/4/20,25.8,26.25,25,25.4,8360
2018/4/23,25.6,25.8,25,25.1,5020
2018/4/24,25.5,25.5,23.5,24,6050
2018/4/25,23.5,23.8,23.2,23.8,6829
2018/4/26,24.2,24.2,21.45,21.45,10369
2018/4/27,21.8,22,19.4,22,9209
2018/4/30,22.45,24.2,22.4,24.2,15336
2018/5/2,24.9,25.6,23.5,23.7,19611
2018/5/3,22.35,23.2,21.35,21.4,12404
2018/5/4,20.8,21.4,20.05,20.05,9808
2018/5/7,20.9,22.05,20.05,22,11586
2018/5/8,21.5,21.55,20.55,20.9,8833
2018/5/9,20.55,22.4,20.2,21.5,10587
2018/5/10,21.05,21.8,20.9,20.9,5409
2018/5/11,21.15,21.6,20.6,20.7,4747
2018/5/14,20.7,20.7,20.1,20.3,4059
2018/5/15,20.2,21.45,20.2,20.85,6210
2018/5/16,20.65,21,20.3,20.3,4241
2018/5/17,20.2,20.2,18.9,19.15,9355
2018/5/18,19,19.8,18.85,19.5,3222
2018/5/21,19.75,19.85,19,19.1,3432
2018/5/22,19.1,19.3,18.95,18.95,3032
2018/5/23,18.9,18.95,18.05,18.05,5527
2018/5/24,17.9,19.5,17.35,19.3,8046
2018/5/25,19.1,19.2,18.7,18.7,3295
2018/5/28,18.75,18.9,18.2,18.25,2876
2018/5/29,18.3,19.1,18.3,18.45,3133
2018/5/30,18.3,18.85,18.3,18.5,1955
2018/5/31,18.9,18.9,18.2,18.2,2553
2018/6/1,18.1,19.5,17.9,18.9,5726
2018/6/4,18.95,19.25,18.7,18.85,3816
2018/6/5,18.85,19.2,18.4,18.5,2524
2018/6/6,18.55,18.8,18.4,18.4,1950
2018/6/7,18.2,19.05,18.1,18.3,3054
2018/6/8,18.3,18.4,18.05,18.1,1682
2018/6/11,18.1,18.5,18.05,18.15,1597
2018/6/12,18.15,18.3,17.9,17.95,2378
2018/6/13,18,19.7,17.8,19.7,12485
2018/6/14,19.8,20.75,19.25,19.7,14075
2018/6/15,19.7,19.7,19,19.1,4389
2018/6/19,19.05,20.4,18.8,19.35,6146
2018/6/20,19.4,19.7,18.85,19.1,3052
2018/6/21,19.25,19.4,18.9,18.9,2026
2018/6/22,18.9,19,18.4,18.4,2433
2018/6/25,18.6,18.7,18,18.15,2638
2018/6/26,18,18.1,17.55,17.65,3560
2018/6/27,17.95,18.5,17.9,18.05,2662
2018/6/28,18.1,18.1,17.75,17.75,1678
2018/6/29,17.8,18.1,17.8,17.85,1258
2018/7/2,17.9,18.1,17.65,17.75,1248
2018/7/3,17.85,17.85,16.95,17,3043
2018/7/4,17,17,15.95,16.1,5680
2018/7/5,16.1,16.3,15.05,15.2,4726
2018/7/6,15.6,15.6,14.8,15.45,3074
2018/7/9,15.4,15.65,15.05,15.3,1945
2018/7/10,15.35,15.7,15.25,15.45,1456
2018/7/11,15.45,15.5,15.05,15.15,1710
2018/7/12,15.05,15.35,15.05,15.15,1983
2018/7/13,15.3,15.6,15.15,15.5,2557
2018/7/16,16.4,17,16.15,16.55,6470
2018/7/17,16.45,16.5,15.6,15.85,5155
2018/7/18,16,16.1,15.4,15.6,3890
2018/7/19,15.6,15.6,15.6,15.6,0
2018/7/20,15.6,15.6,15.6,15.6,0
2018/7/23,15.6,15.6,15.6,15.6,0
2018/7/24,15.6,15.6,15.6,15.6,0
2018/7/25,15.6,15.6,15.6,15.6,0
2018/7/26,15.6,15.6,15.6,15.6,0
2018/7/27,15.6,15.6,15.6,15.6,0
2018/7/30,40.75,40.75,40.75,40.75,1463
2018/7/31,42.8,42.8,41,41.1,3424
2018/8/1,40.75,40.75,38.2,38.65,2430
2018/8/2,38.55,38.55,37.65,37.75,957
2018/8/3,38.1,38.1,37.7,37.95,515
2018/8/6,38,38,37.1,37.3,759
2018/8/7,37.3,38.1,37.15,37.85,502
2018/8/8,37.65,37.8,37.3,37.35,364
2018/8/9,37.4,37.5,37.2,37.3,286
2018/8/10,37.3,37.45,37.05,37.05,399
2018/8/13,37.15,37.15,34.6,35.1,829
2018/8/14,35.35,35.35,33.8,34.15,825
2018/8/15,34.45,34.45,32.75,33.15,745
2018/8/16,32.5,33,32.2,32.85,569
2018/8/17,33.3,35.6,33,35.25,1177
2018/8/20,36.8,37.15,35.55,37.1,1361
2018/8/21,37,37,35.8,36.1,745
2018/8/22,36.5,36.85,35.7,36.2,898
2018/8/23,36.5,39.6,36.5,38.2,3024
2018/8/24,38.25,39,37.05,37.3,1565
2018/8/27,37.5,38.05,36.65,37.15,663
2018/8/28,37,37.75,36.8,36.85,681
2018/8/29,37.25,37.25,36.35,36.45,484
2018/8/30,36.8,37.2,36.3,36.5,619
2018/8/31,36.8,36.8,35.3,35.3,908
2018/9/3,35.55,35.75,34.3,34.5,1013
2018/9/4,34.6,35.3,34.25,35.3,503
2018/9/5,35.15,35.35,34.6,35.1,933
2018/9/6,34.1,34.35,33.85,34.05,1152
2018/9/7,34,34.7,33.15,33.55,1428
2018/9/10,33.8,33.85,32.7,32.95,866
2018/9/11,32.95,33.1,32.3,32.8,927
2018/9/12,32.95,35.15,32.5,33.75,2213
2018/9/13,33.75,35.1,33.6,33.6,1541
2018/9/14,33.8,34,32.9,33,1140
2018/9/17,33,33.4,32.55,32.9,821
2018/9/18,32.9,33.7,32.8,33,1181
2018/9/19,33.6,35.25,33.4,34.15,3849
2018/9/20,34.25,35.2,34.2,34.7,1635
2018/9/21,34.7,35.15,34,34.05,2274
2018/9/25,34.4,37.45,34.2,37.45,3630
2018/9/26,39,41.15,39,41.15,17657
2018/9/27,41.5,42.7,40.5,42.7,25052
2018/9/28,42.9,42.9,39.6,39.8,11256
2018/10/1,40.55,42.5,40.25,41.6,15446
2018/10/2,41.2,41.25,39.8,40.05,6935
2018/10/3,40.6,41.25,37.45,38.1,7614
2018/10/4,37.65,38.5,36.9,37.75,3065
2018/10/5,37.3,37.4,34.35,35.1,5976
2018/10/8,35.1,36.3,34.65,35.3,2634
2018/10/9,35.05,35.45,34.55,34.95,1902
2018/10/11,31.6,33.3,31.5,31.5,5582
2018/10/12,30.05,32.3,29.5,32.2,3017
2018/10/15,31.6,31.95,31,31.8,1503
2018/10/16,32.1,32.6,31.1,31.3,1393
2018/10/17,32.3,32.3,31.35,31.35,1147
2018/10/18,31.35,32.65,31.35,32.05,1773
2018/10/19,31.7,32.2,31.05,32.15,1087
2018/10/22,31.4,32.75,31.4,32.2,1117
2018/10/23,32,32.15,31.7,31.7,794
2018/10/24,31.8,32.45,31.25,31.85,1069
2018/10/25,31.4,33.8,31.2,31.3,5583
2018/10/26,32.15,32.3,31.3,31.4,1413
2018/10/29,31.5,32,31.15,31.7,969
2018/10/30,31.4,32.9,31.4,31.9,1858
2018/10/31,32,32.5,31.95,32.2,831
2018/11/1,32.5,32.65,32.05,32.05,730
2018/11/2,32.3,33.95,31.75,32.95,3901
2018/11/5,32.8,33.9,32,32.55,1561
2018/11/6,33,33.4,32,32,1424
2018/11/7,32.4,33.4,32.4,32.6,1413
2018/11/8,33,33.1,32.5,32.5,814
2018/11/9,32.75,33,32.05,33,1118
2018/11/12,32.7,33.5,32.35,32.35,1157
2018/11/13,32,32.85,31.7,32.5,686
2018/11/14,32.8,34.85,32.7,33.65,6615
2018/11/15,33.4,34.2,33.05,33.2,1849
2018/11/16,33.1,33.4,32.85,32.85,1000
2018/11/19,33.8,33.8,32.8,32.85,801
2018/11/20,32.85,33.7,32.8,33,690
2018/11/21,32.9,33.45,32.45,33.05,944
2018/11/22,33.55,33.7,32.65,32.65,1229
2018/11/23,32.6,32.9,32,32,1042
2018/11/26,31.35,32,28.9,30.3,3730
2018/11/27,30,30.55,29.9,29.9,1775
2018/11/28,29.9,30.65,29.5,29.95,1357
2018/11/29,30.4,30.55,29.75,29.9,1127
2018/11/30,29.1,29.4,28.7,28.85,3206
2018/12/3,29,29.45,28.85,29.15,1634
2018/12/4,29,29.6,29,29.1,1306
2018/12/5,29.1,29.1,28.6,28.85,1254
2018/12/6,28.85,29.05,27.55,27.55,1792
2018/12/7,27.65,28.5,27.65,27.8,661
2018/12/10,27.05,27.7,27.05,27.4,538
2018/12/11,27.65,27.7,27.1,27.25,673
2018/12/12,27.25,28.5,27.25,28.3,1626
2018/12/13,28.9,29.25,28.35,28.35,1496
2018/12/14,28.45,28.75,28,28.15,766
2018/12/17,28.15,28.15,27.55,27.6,715
2018/12/18,27.2,27.35,26.7,27,1751
2018/12/19,27,27.1,26.7,26.8,827
2018/12/20,26.5,26.8,25.75,25.85,1211
2018/12/21,25.5,25.65,25.1,25.2,1380
2018/12/22,24.8,26.6,24.75,26.2,5319
2018/12/24,26.2,26.8,26,26.2,2543
2018/12/25,25.8,25.8,25.2,25.25,963
2018/12/26,25.25,25.55,24.75,24.75,929
2018/12/27,25.5,25.65,25,25,899
2018/12/28,25.05,25.45,25.05,25.4,508
2019/1/2,25.1,25.25,24.75,24.9,731
2019/1/3,24.6,24.9,24.1,24.15,950
2019/1/4,24.05,24.1,23.4,23.6,1306
2019/1/7,24.45,24.75,24.1,24.6,1245
2019/1/8,24.4,25.25,24.4,24.8,1215
2019/1/9,24.8,24.9,24.4,24.4,1215
2019/1/10,24.4,25,24.25,24.25,1734
2019/1/11,24.85,24.95,24.35,24.4,1999
2019/1/14,24.5,24.7,24.15,24.2,732
2019/1/15,24.3,24.4,24,24.3,912
2019/1/16,24.05,24.75,24.05,24.7,886
2019/1/17,24.75,25.6,24.75,25.2,2372
2019/1/18,25.2,25.55,25.05,25.25,879
2019/1/21,24.8,24.8,24.2,24.5,1617
2019/1/22,24.4,24.65,24.25,24.4,788
2019/1/23,24.35,25.25,24.35,25.05,1534
2019/1/24,25.05,26.8,25.05,26.6,6282
2019/1/25,26.35,26.85,26,26,2387
2019/1/28,26,26.6,25.55,25.7,1579
2019/1/29,25.55,26,25.3,26,958
2019/1/30,25.8,26.2,25.8,25.8,1049
2019/2/11,26.35,26.7,25.15,25.15,2200
2019/2/12,24.55,24.6,23.9,24.3,11490
2019/2/13,24.3,24.7,24.15,24.6,2931
2019/2/14,24.55,24.8,24.4,24.5,1829
2019/2/15,24.5,26.65,24.5,26.15,12886
2019/2/18,26.35,27,26,26.7,7691
2019/2/19,27,29.35,27,29.1,17288
2019/2/20,28.45,29.25,28.2,28.95,7772
2019/2/21,29.05,29.5,28.6,28.95,4127
2019/2/22,28.5,28.95,28.2,28.2,3277
2019/2/25,28.45,29.65,28.15,29.35,6114
2019/2/26,29.6,30.15,28.7,28.8,6680
2019/2/27,28.8,29.2,28.4,28.6,2308
2019/3/4,28.6,29.35,28.6,28.6,2300
2019/3/5,28.6,28.85,28.3,28.5,1339
2019/3/6,28.6,28.7,28.1,28.25,1595
2019/3/7,28.25,28.5,27.05,27.4,2232
2019/3/8,27.4,27.45,27,27.2,1545
2019/3/11,27.35,28,26.9,27.75,1430
2019/3/12,28.05,28.15,27.5,27.5,1253
2019/3/13,27.5,27.7,27.25,27.35,707
2019/3/14,27.3,27.95,27.3,27.6,870
2019/3/15,27.65,28.8,27.6,28.7,2659
2019/3/18,28.65,29.2,28.5,28.55,1829
2019/3/19,28.85,29.05,28.45,28.45,2001
2019/3/20,28.6,29.85,28.6,29.25,8391
2019/3/21,29.6,30.6,29.25,29.5,9991
2019/3/22,29.55,29.95,28.5,28.5,5090
2019/3/25,28.3,28.35,27.75,27.75,2022
2019/3/26,28.05,28.2,27.8,28,1205
2019/3/27,28.2,28.7,28.1,28.5,2219
2019/3/28,28.6,28.7,28.1,28.3,1255
2019/3/29,28.5,29.2,28.2,28.2,2693
2019/4/1,28.25,28.4,27.2,27.3,4439
2019/4/2,27.3,27.8,27.2,27.3,1800
2019/4/3,27.3,27.55,27.2,27.3,1323
2019/4/8,27.5,27.6,27.4,27.4,912
2019/4/9,27.6,28.15,27.55,27.8,1923
2019/4/10,28,28,27.55,27.6,736
2019/4/11,27.6,28,27.6,27.65,1070
2019/4/12,27.85,27.85,27.2,27.3,1191
2019/4/15,27.35,27.6,26.9,27.05,2065
2019/4/16,27.1,27.2,25.95,26.35,3608
2019/4/17,26.45,26.7,26.35,26.4,1166
2019/4/18,26.4,26.45,25.8,25.95,1617
2019/4/19,26,26.55,25.85,26.5,1240
2019/4/22,26.65,26.8,26.2,26.4,808
2019/4/23,26.2,26.7,26.2,26.25,1051
2019/4/24,26.5,26.8,26.25,26.25,1281
2019/4/25,26.35,26.5,26.1,26.2,636
2019/4/26,26.2,26.35,26,26.1,801
2019/4/29,26.3,26.55,26.1,26.2,1209
2019/4/30,26.2,26.3,25.9,26.05,1003
2019/5/2,26.5,26.8,26.3,26.7,1539
2019/5/3,27.1,28.35,27.1,27.3,4970
2019/5/6,27.9,28.35,27.55,27.65,6095
2019/5/7,27.7,27.9,27.15,27.4,1668
2019/5/8,27,27.1,26.8,27.05,1365
2019/5/9,27.25,27.25,26.2,26.25,1901
2019/5/10,26.8,26.9,26,26.1,1418
2019/5/13,26.2,26.2,25.4,25.5,1627
2019/5/14,24.8,25.35,24.55,25.3,1258
2019/5/15,25.5,25.85,25.5,25.75,702
2019/5/16,25.8,26.2,25.5,25.75,846
2019/5/17,25.85,26.35,25.5,25.5,814
2019/5/20,25.7,27.4,25.7,27.4,4293
2019/5/21,28,28.6,27.2,27.2,7428
2019/5/22,27.4,27.8,26.8,27.1,2354
2019/5/23,27,27.45,26.65,27,1673
2019/5/24,27.4,27.45,26.9,26.9,1075
2019/5/27,27,27.55,26.9,27.3,1589
2019/5/28,27.55,27.55,26.9,26.95,1666
2019/5/29,26.9,26.95,26.2,26.35,1612
2019/5/30,26.2,26.55,26.15,26.3,749
2019/5/31,26.3,26.9,26.3,26.45,1096
2019/6/3,26.4,26.6,26.2,26.45,718
2019/6/4,26.45,26.55,26.05,26.1,1232
2019/6/5,26.35,27.2,26.3,27.1,2865
2019/6/6,27,27.25,26.4,26.4,1898
2019/6/10,26.5,26.7,26,26.2,2034
2019/6/11,26.25,26.3,26.05,26.1,950
2019/6/12,26.3,26.9,26.15,26.2,2111
2019/6/13,26.2,26.5,26.1,26.45,982
2019/6/14,26.45,27.4,26.45,26.5,2835
2019/6/17,26.5,26.75,26.45,26.55,637
2019/6/18,26.5,26.75,26.2,26.2,872
2019/6/19,26.35,26.55,26.25,26.3,683
2019/6/20,26.3,26.5,26.1,26.35,1364
2019/6/21,26.45,26.7,26.3,26.6,1516
2019/6/24,26.5,26.5,26.3,26.4,489
2019/6/25,26.4,26.5,26.2,26.3,687
2019/6/26,26.2,26.55,26.2,26.3,631
2019/6/27,26.4,26.65,26.35,26.35,856
2019/6/28,26.35,26.55,26.35,26.4,590
2019/7/1,26.45,26.6,26.2,26.4,1179
2019/7/2,26.4,27.1,26.4,27.05,2704
2019/7/3,27.3,27.4,26.7,26.8,1913
2019/7/4,26.85,27.25,26.8,26.9,1396
2019/7/5,26.95,26.95,26.5,26.6,1371
2019/7/8,26.5,26.55,26.35,26.35,684
2019/7/9,26.4,27.05,26.4,26.45,1526
2019/7/10,26.5,26.7,26.3,26.35,847
2019/7/11,26.55,26.6,26.35,26.4,662
2019/7/12,26.4,26.6,26.35,26.4,623
2019/7/15,26.4,26.55,26.25,26.5,533
2019/7/16,26.8,27.45,26.75,27.05,4821
2019/7/17,27.3,27.65,27.1,27.25,4358
2019/7/18,27.55,27.9,27.3,27.3,3997
2019/7/19,27.5,27.65,27.1,27.2,1429
2019/7/22,27.2,27.2,26.85,26.85,1404
2019/7/23,27,27.05,26.7,26.75,952
2019/7/24,27,27.15,26.7,26.7,1089
2019/7/25,26.8,26.9,26.7,26.9,621
2019/7/26,26.9,27.3,26.65,26.7,1290
2019/7/29,26.7,26.8,26.5,26.5,855
2019/7/30,26.5,26.65,26.25,26.3,1429
2019/7/31,26.3,26.45,26.15,26.2,1071
2019/8/1,26.1,26.55,26.1,26.35,551
2019/8/2,26.35,26.35,26.1,26.15,799
2019/8/5,26.15,26.25,26,26,564
2019/8/6,25.6,25.9,25.35,25.9,769
2019/8/7,26.8,27.1,26.2,26.4,2700
2019/8/8,26.4,26.7,26.1,26.1,861
2019/8/12,26.4,26.4,26.1,26.1,540
2019/8/13,26.15,26.3,26.1,26.2,483
2019/8/14,26.35,26.4,26,26,709
2019/8/15,25.8,25.9,25.55,25.7,847
2019/8/16,25.75,25.8,25.45,25.5,1613
2019/8/19,25.55,25.65,25.5,25.55,612
2019/8/20,25.7,25.8,25.5,25.55,755
2019/8/21,25.8,26.05,25.65,25.9,863
2019/8/22,25.95,26,25.45,25.65,1084
2019/8/23,25.65,25.7,25.5,25.55,442
2019/8/26,25.4,25.45,25.25,25.35,727
2019/8/27,25.4,25.55,25.3,25.35,627
2019/8/28,25.5,25.8,25.2,25.2,1896
2019/8/29,25.35,25.5,25.25,25.25,451
2019/8/30,25.3,25.5,25.2,25.2,795
2019/9/2,25.15,25.7,25.15,25.7,913
2019/9/3,25.7,25.85,25.55,25.6,500
2019/9/4,25.55,25.8,25.5,25.5,637
2019/9/5,25.75,26,25.55,25.55,1162
2019/9/6,25.65,25.8,25.55,25.65,565
2019/9/9,25.75,25.9,25.55,25.55,453
2019/9/10,25.5,25.8,25.5,25.6,332
2019/9/11,25.6,26.7,25.6,26.4,6801
2019/9/12,26.45,26.65,26.3,26.45,1280
2019/9/16,26.5,26.8,26.45,26.45,1051
2019/9/17,26.55,26.7,26.45,26.45,781
2019/9/18,26.75,27.8,26.75,26.95,5122
2019/9/19,27.05,27.25,26.7,26.8,1057
2019/9/20,26.8,26.85,26.55,26.65,774
2019/9/23,26.8,27,26.6,26.85,776
2019/9/24,26.85,26.9,26.7,26.7,497
2019/9/25,26.65,26.85,26.5,26.5,596
2019/9/26,26.6,26.8,26.3,26.3,608
2019/9/27,26.3,26.3,25.9,25.9,847
2019/10/1,26,26.1,25.85,26.1,378
2019/10/2,26.1,26.35,25.9,26.1,367
2019/10/3,25.95,26.15,25.85,26.05,450
2019/10/4,26.05,26.15,25.8,25.85,501
2019/10/7,26.1,26.5,26,26.3,763
2019/10/8,26.3,26.5,26.15,26.2,472
2019/10/9,26.2,26.25,26,26.2,334
2019/10/14,26.4,27.35,26.35,27.1,2767
2019/10/15,27.45,27.5,26.9,27.2,3120
2019/10/16,27.1,27.35,26.9,26.9,1140
2019/10/17,26.9,27.15,26.85,26.9,789
2019/10/18,27.1,27.2,26.85,26.9,589
2019/10/21,27,27.5,26.95,27.5,2572
2019/10/22,27.85,27.9,27.1,27.15,3121
2019/10/23,27.2,27.3,27,27,931
2019/10/24,27.05,27.2,27,27.1,517
2019/10/25,27.2,27.2,26.9,26.9,771
2019/10/28,27,27,26.75,26.8,489
2019/10/29,27,27,26.55,26.6,642
2019/10/30,26.65,27.3,26.6,27.1,1114
2019/10/31,27,27,26.75,27,620
2019/11/1,26.9,27.05,26.9,26.95,444
2019/11/4,27.1,27.2,27,27.1,859
2019/11/5,27.25,27.65,27,27,2289
2019/11/6,27.1,27.25,26.9,27,721
2019/11/7,27.2,27.6,27,27.6,2726
2019/11/8,27.6,27.6,27.1,27.1,1129
2019/11/11,27,27.05,26.65,26.65,1207
2019/11/12,26.65,26.95,26.55,26.65,813
2019/11/13,26.65,26.75,26.5,26.5,671
2019/11/14,26.5,26.55,26,26.2,1391
2019/11/15,26.2,26.4,26.2,26.35,366
2019/11/18,26.6,26.6,26.25,26.3,441
2019/11/19,26.45,26.45,26.25,26.3,243
2019/11/20,26.2,26.4,26.2,26.3,286
2019/11/21,26.2,26.3,26.2,26.25,328
2019/11/22,26.25,26.4,26.2,26.3,301
2019/11/25,26.3,26.85,26.3,26.65,924
2019/11/26,26.85,26.9,26.6,26.75,644
2019/11/27,26.8,27,26.75,26.95,577
2019/11/28,26.95,26.95,26.8,26.8,304
2019/11/29,26.7,26.9,26.6,26.6,358
2019/12/2,26.6,26.75,26.4,26.4,339
2019/12/3,26.4,26.6,26.35,26.4,256
2019/12/4,26.5,26.6,26.3,26.35,233
2019/12/5,26.35,26.5,26.3,26.4,405
2019/12/6,26.55,26.8,26.45,26.45,505
2019/12/9,26.55,26.95,26.55,26.8,1155
2019/12/10,26.9,26.9,26.6,26.6,412
2019/12/11,26.65,26.75,26.5,26.5,342
2019/12/12,26.6,26.6,26.4,26.5,361
2019/12/13,26.55,26.7,26.4,26.4,800
2019/12/16,26.4,26.5,26.35,26.45,581
2019/12/17,26.6,26.85,26.45,26.75,950
2019/12/18,26.75,27,26.7,26.95,1049
2019/12/19,27,27.15,26.8,26.85,623
2019/12/20,26.85,26.85,26.65,26.75,342
2019/12/23,26.85,27.25,26.75,27.15,1616
2019/12/24,27.25,27.3,26.95,26.95,901
2019/12/25,27,27,26.8,26.8,409
2019/12/26,26.85,26.9,26.7,26.7,297
2019/12/27,26.75,26.8,26.6,26.8,575
2019/12/30,27,27.2,26.85,26.95,1072
2019/12/31,26.95,26.95,26.75,26.85,608
2020/1/2,26.85,27.25,26.85,27.1,1106
2020/1/3,27.2,27.35,26.85,26.95,1037
2020/1/6,26.8,27.15,26.75,26.8,785
2020/1/7,26.9,26.95,26.55,26.95,720
2020/1/8,26.65,26.8,26.5,26.5,770
2020/1/9,26.55,27,26.55,26.8,631
2020/1/10,26.8,26.8,26,26.25,2966
2020/1/13,27.15,27.25,26.5,26.5,2895
2020/1/14,26.7,26.7,26.35,26.35,962
2020/1/15,26.45,26.5,26.3,26.4,543
2020/1/16,26.5,26.5,26.3,26.4,407
2020/1/17,26.6,26.6,26.35,26.35,489
2020/1/20,26.2,26.3,26.2,26.25,1261
2020/1/30,25.2,25.5,24.5,24.5,2573
2020/1/31,24.55,24.85,24.2,24.6,1449
2020/2/3,24,24.1,22.8,23.35,1485
2020/2/4,23.5,23.6,23.2,23.55,1091
2020/2/5,23.65,23.7,23.25,23.3,863
2020/2/6,23.5,23.7,23.35,23.6,905
2020/2/7,23.5,23.5,23.25,23.25,783
2020/2/10,23.05,23.05,22.5,22.8,1002
2020/2/11,23.15,24.85,23.05,24.65,3036
2020/2/12,24.6,24.8,24.3,24.5,1617
2020/2/13,24.5,25.05,24.4,24.5,1748
2020/2/14,24.5,24.5,24.25,24.35,599
2020/2/17,24.35,24.5,24.2,24.25,475
2020/2/18,24.2,24.4,24,24.05,493
2020/2/19,24.15,24.2,24,24.05,648
2020/2/20,24.1,24.2,24,24.05,295
2020/2/21,24.1,24.4,24.05,24.15,661
2020/2/24,24.05,24.1,23.75,23.8,576
2020/2/25,23.5,23.9,23.35,23.65,1038
2020/2/26,23.2,23.6,23.2,23.3,946
2020/2/27,23.35,23.55,22.95,23.1,875
2020/3/2,22.6,23.45,22.55,22.8,1089
2020/3/3,23.2,23.3,22.85,22.9,657
2020/3/4,22.9,22.9,22.7,22.9,716
2020/3/5,23.25,23.25,22.95,23.1,337
2020/3/6,23,23,22.75,22.9,374
2020/3/9,23.2,23.45,22.55,22.55,1407
2020/3/10,22.3,22.4,22,22.25,1496
2020/3/11,22.45,22.55,22.1,22.1,861
2020/3/12,22,22,20.5,20.55,2155
2020/3/13,18.6,19.3,18.6,19.3,2701
2020/3/16,18.8,19.35,18,18,1760
2020/3/17,16.6,18,16.5,17,2322
2020/3/18,17.45,17.45,17,17,1226
2020/3/19,16.8,16.8,15.3,15.55,2190
2020/3/20,15.8,17.1,15.8,17.1,1487
2020/3/23,16.6,16.65,16.15,16.45,844
2020/3/24,16.9,17.2,16.45,16.55,812
2020/3/25,17,17.65,17,17.4,1363
2020/3/26,17.5,17.5,16.95,17.3,422
2020/3/27,17.7,17.7,17.15,17.25,781
2020/3/30,16.95,17,16.5,16.8,536
2020/3/31,17.15,18.35,17,17.6,1835
2020/4/1,17.4,17.8,17.3,17.5,547
2020/4/6,17.55,17.85,17.4,17.7,908
2020/4/7,18.15,18.4,17.95,18.35,899
2020/4/8,18.6,18.85,18.3,18.85,1037
2020/4/9,18.9,19.35,18.75,19,1014
2020/4/10,19.1,19.3,18.9,19.05,816
2020/4/13,19.05,19.35,18.7,18.7,855
2020/4/14,18.75,19,18.6,19,782
2020/4/15,19.1,19.45,19.05,19.3,764
2020/4/16,19.2,19.7,19.05,19.65,991
2020/4/17,19.95,20.4,19.75,19.85,1296
2020/4/20,20,20.5,19.75,20.5,1061
2020/4/21,20.5,21.4,19.45,19.6,2773
2020/4/22,19.2,19.65,19.05,19.65,676
2020/4/23,19.9,19.95,19.4,19.75,555
2020/4/24,19.75,19.85,19.5,19.7,420
2020/4/27,19.8,20.5,19.75,20.5,1173
2020/4/28,20.6,21.2,20.6,20.95,1210
2020/4/29,21.05,21.7,20.8,21.7,1650
2020/4/30,22,22,21.5,22,1393
2020/5/4,21.7,21.8,21.2,21.25,1225
2020/5/5,22,23.35,21.8,23.35,2765
2020/5/6,24.55,25.2,24.05,24.35,8158
2020/5/7,24.3,24.3,23.55,23.9,2577
2020/5/8,24.35,24.45,23.7,24,2144
2020/5/11,24.2,25,24.1,25,3649
2020/5/12,25,25.3,24.4,24.75,2562
2020/5/13,25,25.45,24.7,24.85,2811
2020/5/14,24.9,24.9,23.75,23.75,2155
2020/5/15,24.4,24.4,23,23.5,1483
2020/5/18,24,24.7,23.7,24.5,1791
2020/5/19,25,25.15,24.15,24.5,1261
2020/5/20,25.2,25.4,24.2,24.25,3550
2020/5/21,24.35,24.6,24.25,24.3,895
2020/5/22,24.35,24.4,23.8,23.8,1069
2020/5/25,23.8,24,23.55,24,564
2020/5/26,24.35,24.4,23.55,23.8,1121
2020/5/27,24.15,24.95,24.1,24.85,3420
2020/5/28,25.05,25.1,24.5,24.5,2891
2020/5/29,24.75,25.4,24.45,24.8,3741
2020/6/1,25.35,25.55,24.95,25.1,1888
2020/6/2,25.1,25.2,24.75,25.15,1115
2020/6/3,25.2,25.35,24.85,25,1078
2020/6/4,25.05,25.1,24.8,24.8,814
2020/6/5,25,25.2,24.9,25.2,1714
2020/6/8,25.7,25.85,25.3,25.55,3160
2020/6/9,25.6,25.65,25.15,25.3,1343
2020/6/10,24.95,25.2,24.85,25,1629
2020/6/11,25,25.2,24,24.05,3212
2020/6/12,23.3,23.8,22.85,23.75,1618
2020/6/15,23.75,23.9,23.45,23.5,1075
2020/6/16,23.6,23.95,23.6,23.85,882
2020/6/17,23.85,24.2,23.7,23.95,752
2020/6/18,24,24.1,23.7,23.7,679
2020/6/19,23.95,23.95,23.6,23.6,805
2020/6/22,23.4,23.7,23.25,23.25,997
2020/6/23,23.25,23.4,22.9,22.95,1590
2020/6/24,23,24.1,22.85,23.25,1879
2020/6/29,23.25,23.25,22.6,22.8,976
2020/6/30,23.15,23.3,22.95,23.2,441
2020/7/1,23.2,23.3,23.05,23.05,582
2020/7/2,23.35,23.35,23.05,23.1,638
2020/7/3,23.2,23.45,23.15,23.15,522
2020/7/6,23.2,23.8,23.2,23.7,1465
2020/7/7,23.8,23.95,23.2,23.45,616
2020/7/8,23.15,24,23.15,23.65,1076
2020/7/9,24.1,24.6,23.7,23.9,3012
2020/7/10,23.9,24,23.25,23.3,1177
2020/7/13,23.5,23.9,23.4,23.7,907
2020/7/14,23.85,23.85,23.45,23.6,529
2020/7/15,23.8,25.2,23.7,23.8,6209
2020/7/16,24.3,24.65,23.9,24.55,1783
2020/7/17,24.65,24.85,23.95,24.1,1514
2020/7/20,24.25,24.85,23.7,24.75,2001
2020/7/21,24.9,24.9,24.45,24.6,1380
2020/7/22,24.7,25.2,24.65,24.7,4005
2020/7/23,24.95,24.95,24.25,24.4,1333
2020/7/24,24.5,24.6,24,24.05,1148
2020/7/27,24.2,24.45,23.95,24,1394
2020/7/28,24.2,24.35,23.6,23.7,1228
2020/7/29,23.6,25.3,23.3,24.7,4214
2020/7/30,24.7,25.45,24.4,25.15,3971
2020/7/31,25.25,25.25,24.65,24.8,1528
2020/8/3,24.8,26.4,24.55,26.4,5797
2020/8/4,26.2,26.2,25.55,25.65,3946
2020/8/5,25.65,25.7,25.05,25.25,2193
2020/8/6,25.25,25.8,24.85,24.9,2184
2020/8/7,25.15,26.45,25.05,25.7,4583
2020/8/10,25.75,26.4,25.2,25.25,4065
2020/8/11,25.2,25.45,24.85,25,2135
2020/8/12,25,25.15,24.5,24.9,1242
2020/8/13,25,25.1,24.5,24.55,1396
2020/8/14,24.55,24.8,24.4,24.55,940
2020/8/17,24.5,25.3,24.4,24.85,1428
2020/8/18,25.1,26.25,24.8,25.35,7699
2020/8/19,25.35,25.95,25.1,25.4,3087
2020/8/20,25.45,25.5,23.75,24.15,3882
2020/8/21,24.35,24.7,24.2,24.45,1201
2020/8/24,24.35,24.65,24,24.25,1728
2020/8/25,24.35,25,24.35,24.5,1720
2020/8/26,24.6,24.65,24.2,24.45,951
2020/8/27,24.6,25.1,24.25,24.35,2484
2020/8/28,24.2,24.6,24.2,24.3,888
2020/8/31,24.05,25.4,24.05,24.75,4451
2020/9/1,25,25.15,24.35,24.45,2239
2020/9/2,24.6,24.75,24.3,24.45,826
2020/9/3,24.6,24.75,24.4,24.45,1263
2020/9/4,24.15,24.8,24.15,24.5,1152
2020/9/7,24.65,26.2,24.6,25.7,9112
2020/9/8,26.05,26.2,25.05,25.15,3546
2020/9/9,24.95,25.25,24.7,25.15,1270
2020/9/10,25.3,25.75,25.1,25.3,1679
2020/9/11,25.35,26.8,25.05,25.25,13140
2020/9/14,25.3,25.55,24.85,25.1,2202
2020/9/15,25.15,25.25,24.95,24.95,1025
2020/9/16,25.25,25.25,24.8,24.8,1317
2020/9/17,24.85,25.2,24.75,24.85,858
2020/9/18,25,25.4,24.95,24.95,1254
2020/9/21,25.2,25.2,24.85,24.85,811
2020/9/22,25.05,25.05,24.35,24.45,1388
2020/9/23,24.45,24.6,24.05,24.35,1503
2020/9/24,24.3,24.3,23.9,23.9,1857
2020/9/25,24.05,24.4,23.55,23.8,1524
2020/9/28,23.9,24.2,23.9,24.15,651
2020/9/29,24.2,24.45,24.05,24.05,1032
2020/9/30,24.05,24.55,24,24.1,520
2020/10/5,24.5,24.8,24.25,24.35,924
2020/10/6,24.85,25.25,24.55,24.9,1906
2020/10/7,24.9,24.95,24.6,24.75,785
2020/10/8,24.95,24.95,24.65,24.85,648
2020/10/12,25.1,25.3,24.85,25.15,2073
2020/10/13,25.2,25.3,24.6,24.65,1305
2020/10/14,24.55,25.2,24.55,24.9,1368
2020/10/15,24.8,24.85,24.6,24.6,624
2020/10/16,24.75,24.75,24.3,24.35,1002
2020/10/19,24.4,25,24.35,24.9,953
2020/10/20,24.8,24.8,24.5,24.55,521
2020/10/21,24.65,25.05,24.55,24.9,811
2020/10/22,24.8,24.95,24.65,24.85,422
2020/10/23,25,25.05,24.7,24.95,740
2020/10/26,25.15,25.5,25.05,25.15,2217
2020/10/27,25.15,25.4,25.1,25.1,857
2020/10/28,25.35,25.5,25.2,25.25,1708
2020/10/29,25,25.15,24.8,24.85,1078
2020/10/30,25,25.45,24.55,24.6,1461
2020/11/2,24.9,24.95,24.3,24.5,1222
2020/11/3,24.3,24.7,24.3,24.55,751
2020/11/4,24.7,24.7,24.4,24.55,707
2020/11/5,24.65,24.8,24.45,24.55,385
2020/11/6,24.7,24.7,24.3,24.4,581
2020/11/9,24.45,24.65,24.4,24.45,502
2020/11/10,24.5,24.8,24.45,24.6,682
2020/11/11,24.55,24.7,24.5,24.6,644
2020/11/12,24.6,24.6,23.75,23.85,2872
2020/11/13,23.85,24.7,23.6,24.05,1138
2020/11/16,24.05,24.15,23.85,23.95,851
2020/11/17,24.05,24.1,23.85,23.95,630
2020/11/18,24.05,24.1,23.9,24,601
2020/11/19,24,24.4,23.95,24.15,585
2020/11/20,24.2,24.2,24,24,486
2020/11/23,24.5,24.85,24.35,24.6,1773
2020/11/24,24.95,24.95,24.45,24.45,1550
2020/11/25,24.85,25.3,24.65,25.05,4882
2020/11/26,25.1,25.5,25.05,25.25,2478
2020/11/27,25,25.25,24.85,25.05,1572
2020/11/30,24.9,25.3,24.9,24.9,1442
2020/12/1,25,25.2,24.75,24.9,863
2020/12/2,25.3,25.4,24.95,25.05,2137
2020/12/3,25.2,25.2,24.8,24.85,1116
2020/12/4,25.05,25.05,24.75,24.75,831
2020/12/7,25,25,24.8,24.9,1132
2020/12/8,25,25.35,24.95,25.15,2549
2020/12/9,25.3,25.35,24.65,24.85,1585
2020/12/10,24.85,25,24.6,24.7,949
2020/12/11,24.7,24.9,24.4,24.6,1180
2020/12/14,24.6,24.9,24.45,24.8,554
2020/12/15,24.85,25.1,24.65,24.75,862
2020/12/16,25,25.45,24.9,25.3,2630
2020/12/17,25.35,25.85,25.3,25.6,3217
2020/12/18,25.7,28.15,25.7,28.15,17654
2020/12/21,29.8,30.95,29.5,30.95,30362
2020/12/22,31.95,32.85,28,28.05,46864
2020/12/23,28.2,29.25,27,29,11856
2020/12/24,28.8,29.7,28.5,28.65,5297
2020/12/25,28.85,29.4,28.15,28.3,5708
2020/12/28,28.5,30.7,28.5,29.35,15188
2020/12/29,29.5,30.45,28.65,28.8,8389
2020/12/30,28.9,29.1,28.5,28.7,2878
2020/12/31,28.75,29,28.45,28.45,2444
2021/1/4,28.75,28.8,27.7,28.25,4763
2021/1/5,27.9,28.2,27.55,27.6,3316
2021/1/6,27.6,27.9,26.3,26.5,5234
2021/1/7,27,27.5,26.6,26.9,2692
2021/1/8,26.9,27.2,26.35,26.45,1951
2021/1/11,26.45,27.2,26.3,26.75,2328
2021/1/12,26.5,26.6,25.85,25.9,3446
2021/1/13,25.8,26.35,25.6,26.1,2253
2021/1/14,26.15,27,26.15,26.15,1515
2021/1/15,26.3,26.35,25.4,25.4,2591
2021/1/18,25.4,25.45,24.8,25,1557
2021/1/19,25,25.45,24.7,24.7,1736
2021/1/20,24.7,24.8,24,24.05,2868
2021/1/21,24.05,24.5,23.9,24,1699
2021/1/22,24.15,24.8,24.15,24.65,1397
2021/1/25,24.4,24.9,24.4,24.75,1001
2021/1/26,25.3,25.35,24.9,25.1,1645
2021/1/27,25.3,25.4,24.7,25,886
2021/1/28,24.55,24.9,24.35,24.75,952
2021/1/29,24.7,24.7,23.95,24.05,1466
2021/2/1,24.1,24.25,23.4,23.9,1629
2021/2/2,23.9,24.35,23.85,24,891
2021/2/3,24,24.3,23.9,24.05,1118
2021/2/4,23.95,24.2,23.9,24,553
2021/2/5,23.95,24.05,23.75,23.95,1240
2021/2/17,23.9,24.8,23.9,24.4,2273
2021/2/18,24.5,26.15,24.5,25.3,4493
2021/2/19,25.3,25.3,24.8,24.9,2243
2021/2/22,24.7,25.35,24.5,25.1,4095
2021/2/23,25.05,25.45,25,25.25,2542
2021/2/24,25.25,25.6,25.25,25.3,3535
2021/2/25,25.55,26.5,25.5,26.5,8905
2021/2/26,22.5,24.3,22.5,23.95,19631
2021/3/2,24.05,24.1,23.35,23.4,6163
2021/3/3,23.4,23.75,23.2,23.7,2425
2021/3/4,23.7,23.9,23.3,23.7,2431
2021/3/5,23.45,23.55,23.3,23.4,1518
2021/3/8,23.1,23.3,22.9,22.95,3644
2021/3/9,22.9,23.15,22.85,23,2142
2021/3/10,23.05,23.2,22.3,22.45,5581
2021/3/11,22.4,22.4,21.8,21.9,8596
2021/3/12,21.9,22.4,21.9,22,4785
2021/3/15,22,22,21.6,21.9,5206
2021/3/16,22,23.2,22,23.1,10384
2021/3/17,23.25,23.7,22.8,22.9,9727
2021/3/18,23,23.2,22.5,22.6,5988
2021/3/19,22.4,22.5,22.2,22.3,4598
2021/3/22,22.35,23.05,22.3,22.95,5783
2021/3/23,23.2,23.2,22.45,22.75,4148
2021/3/24,22.45,22.8,22.45,22.55,1768
2021/3/25,22.6,22.65,22.4,22.4,1922
2021/3/26,22.5,22.55,22.25,22.35,2500
2021/3/29,22.4,22.5,22.1,22.4,4968
2021/3/30,22.4,23.15,22.25,22.25,9436
2021/3/31,21.7,21.7,21.2,21.45,53809
2021/4/1,21.6,22.2,21.6,22.15,24534
2021/4/6,22.45,22.95,22.3,22.4,20122
2021/4/7,22.3,22.35,21.8,22.15,12765
2021/4/8,22.2,22.5,22.15,22.5,10674
2021/4/9,22.65,22.7,22.2,22.6,11921
2021/4/12,22.6,22.65,22.25,22.3,8609
2021/4/13,22.35,22.65,21.9,21.9,12819
2021/4/14,21.9,22.45,21.65,22.35,17019
2021/4/15,22.35,22.4,22.1,22.15,6232
2021/4/16,22.2,22.5,22.1,22.4,12335
2021/4/19,22.95,24.6,22.85,24.6,52496
2021/4/20,26.5,26.6,25,25.1,69400
2021/4/21,24.7,27.6,24.25,27.6,92836
2021/4/22,28.75,30.2,26.2,27,117368
2021/4/23,27.05,27.75,25.5,25.8,34889
2021/4/26,26,28.05,26,27.3,50947
2021/4/27,27.2,27.9,26.2,26.5,30126
2021/4/28,26.65,26.8,25.6,25.65,23587
2021/4/29,25.9,26.1,24.8,25.3,19549
2021/5/3,25.4,26.8,25.35,25.5,31064
2021/5/4,26,26.45,23.05,23.75,35960
2021/5/5,23.85,24.8,23.3,23.9,11087
2021/5/6,24.1,24.8,23.5,23.75,10755
2021/5/7,24.15,24.8,23.6,24.75,11965
2021/5/10,24.5,25.4,24.35,24.65,15475
2021/5/11,24.1,24.5,22.6,23,17628
2021/5/12,22.75,23,20.7,20.75,26271
2021/5/13,19.15,20.55,18.7,19.8,16587
2021/5/14,20.3,20.75,19.8,20.1,9527
2021/5/17,18.7,19.4,18.15,18.25,12660
2021/5/18,18.6,20.05,18.55,20.05,10380
2021/5/19,20.3,21,19.8,20.45,11093
2021/5/20,20.5,20.75,19.95,19.95,5481
2021/5/21,20.45,21.9,20.3,21.9,25293
2021/5/24,21.9,23.65,21.4,22.4,38394
2021/5/25,22,23,21.6,22,15369
2021/5/26,22.3,22.5,21.6,21.95,6885
2021/5/27,22.1,22.35,21.9,21.9,5511
2021/5/28,22,23.2,22,22.65,16686
2021/5/31,22.65,23,22,22.05,10310
2021/6/1,22.2,22.85,22,22.75,8126
2021/6/2,22.75,24.15,22.4,23.4,39588
2021/6/3,23.4,24.15,23.4,24,23168
2021/6/4,23.7,24.2,23.5,24.1,22602
2021/6/7,24.2,24.3,22.8,23.9,12698
2021/6/8,24.05,25.7,24.05,24.1,37501
2021/6/9,24.1,24.35,23.1,23.45,9693
2021/6/10,23.7,23.9,23,23.45,7686
2021/6/11,23.55,24.35,23.45,23.8,11858
2021/6/15,24.25,26.15,24.05,26.15,83641
2021/6/16,26.5,28.3,26.35,26.65,153148
2021/6/17,26.7,27.7,26.15,27.1,46701
2021/6/18,27.25,29.4,27.05,28.3,132012
2021/6/21,28.65,31.1,28.6,31.1,175543
2021/6/22,32.15,33.8,30.9,31.25,251643
2021/6/23,30.55,30.6,28.15,28.15,94090
2021/6/24,27,30,26.1,28.45,128384
2021/6/25,29.1,29.6,27.85,27.9,55687
2021/6/28,28.6,29.8,28.2,28.9,82022
2021/6/29,29.1,29.65,27.9,28.1,52256
2021/6/30,27.9,28.95,27.3,27.85,51739
2021/7/1,28.3,28.6,27.1,27.1,39551
2021/7/2,27.25,27.45,26.3,26.6,27612
2021/7/5,26.5,27,25.3,26.95,33205
2021/7/6,27.25,28.6,26.7,28.25,81915
2021/7/7,27.55,28.2,26.65,27.5,31888
2021/7/8,27.35,27.7,26.65,27.05,16291
2021/7/9,27.1,27.1,26.4,26.4,11840
2021/7/12,26.5,26.95,25.6,25.8,14747
2021/7/13,26,26.1,25.2,25.2,16640
2021/7/14,25.25,25.85,24.5,24.9,15430
2021/7/15,25.15,26.6,25,25.75,25758
2021/7/16,25.4,25.8,25.1,25.15,13642
2021/7/19,25.15,25.75,25,25.6,9152
2021/7/20,25.3,25.3,24.8,24.8,8570
2021/7/21,25.25,25.35,24,24.1,10392
2021/7/22,24.55,24.85,24.15,24.35,8068
2021/7/23,24.9,25.4,24.6,25.2,10138
2021/7/26,25.3,25.35,24.75,24.9,6132
2021/7/27,25.2,25.2,24.35,24.4,6318
2021/7/28,24.65,24.75,23.65,23.85,7203
2021/7/29,24,24.8,23.85,24.7,6675
2021/7/30,24.7,24.7,24,24.05,5772
2021/8/2,24.1,24.3,23.8,24.2,4579
2021/8/3,24.25,24.45,24,24,3498
2021/8/4,24.1,24.35,24,24.25,3078
2021/8/5,24.25,24.25,23.85,23.95,3715
2021/8/6,23.9,24.5,23.8,23.95,4620
2021/8/9,23.9,24.25,23.9,23.9,3348
2021/8/10,24.1,24.2,23.65,23.75,3028
2021/8/11,23.75,23.75,23,23.35,5217
2021/8/12,23.45,23.65,23.3,23.45,2359
2021/8/13,23.5,24.35,23.25,23.95,12651
2021/8/16,24.1,24.25,23.2,23.2,6478
2021/8/17,23.45,23.45,22.8,22.8,3686
2021/8/18,22.6,24.4,22.35,24.1,11929
2021/8/19,24.1,24.75,23.5,23.5,19900
2021/8/20,23.65,23.9,23.1,23.1,4954
2021/8/23,23.55,24.7,23.5,24,17095
2021/8/24,24.4,24.7,23.85,23.85,8043
2021/8/25,24.05,24.3,23.9,24.2,3889
2021/8/26,24.6,24.6,23.85,24,4644
2021/8/27,24,24.1,23.8,23.95,2471
2021/8/30,24.1,24.35,24,24.2,3275
2021/8/31,24.3,24.8,24.15,24.65,8544
2021/9/1,24.6,24.7,24.05,24.1,4961
2021/9/2,24.35,24.6,24.05,24.1,3821
2021/9/3,24.5,24.5,23.8,23.85,5114
2021/9/6,23.85,23.9,23.3,23.4,4124
2021/9/7,23.45,24.2,23.4,23.5,4007
2021/9/8,23.6,23.6,23.1,23.2,3093
2021/9/9,23.05,23.3,23,23.1,2480
2021/9/10,23.15,23.6,23.1,23.5,2875
2021/9/13,23.4,23.55,23.25,23.3,2121
2021/9/14,23.5,23.5,23.05,23.05,2185
2021/9/15,23.2,23.2,22.8,22.95,2419
2021/9/16,23,23.1,22.9,23.05,1473
2021/9/17,23,23.3,23,23.3,2059
2021/9/22,22.8,22.95,22.65,22.75,3310
2021/9/23,22.85,23.05,22.8,22.9,1629
2021/9/24,23,23.45,23,23.05,2318
2021/9/27,23.15,23.3,23.1,23.15,1784
2021/9/28,23.2,23.2,22.8,22.9,2093
2021/9/29,22.6,22.95,22.55,22.7,2402
2021/9/30,22.65,23.1,22.6,23.1,2883
2021/10/1,23,23,22.4,22.45,4440
2021/10/4,22.5,22.6,21.45,21.6,7062
2021/10/5,21.3,21.7,21,21.6,3352
2021/10/6,21.8,21.9,21.15,21.2,2234
2021/10/7,21.3,22.1,21.3,21.85,3498
2021/10/8,21.95,22.1,21.6,21.65,1433
2021/10/12,21.45,21.5,20.6,20.7,5019
2021/10/13,20.7,21.15,20.5,20.5,2625
2021/10/14,20.8,21,20.5,20.8,1953
2021/10/15,21,21.1,20.8,20.9,1942
2021/10/18,21.05,21.3,20.9,21.15,2143
2021/10/19,21.15,21.7,21.15,21.55,2098
2021/10/20,21.55,21.75,21.45,21.6,1410
2021/10/21,21.75,22.1,21.55,21.55,2104
2021/10/22,21.6,21.75,21.2,21.25,2129
2021/10/25,21.1,21.7,21.05,21.55,2091
2021/10/26,21.6,21.65,21.35,21.45,1419
2021/10/27,21.4,21.55,21.25,21.35,1240
2021/10/28,21.3,21.8,21.3,21.55,1945
2021/10/29,21.7,22.1,21.6,21.8,3099
2021/11/1,21.9,22.35,21.9,22.15,2729
2021/11/2,22.3,22.55,22.05,22.15,1959
2021/11/3,22.4,23.25,22.25,22.9,9129
2021/11/4,23.1,23.3,22.35,22.4,3529
2021/11/5,22.4,22.45,22.05,22.15,2464
2021/11/8,22.4,22.85,22.25,22.75,2839
2021/11/9,22.9,22.95,22.4,22.7,2686
2021/11/10,22.7,22.9,22.4,22.5,1595
2021/11/11,22.45,22.55,22.05,22.1,2703
2021/11/12,22.2,22.7,22.2,22.4,2234
2021/11/15,22.75,22.9,22.35,22.6,2471
2021/11/16,22.6,22.9,22.5,22.5,2281
2021/11/17,22.55,22.65,22.15,22.25,2457
2021/11/18,22.2,22.45,22.1,22.25,1870
2021/11/19,22.35,22.6,22.1,22.15,2206
2021/11/22,22.2,22.4,22,22.35,1779
2021/11/23,22.35,22.4,22,22,1675
2021/11/24,22.2,22.6,22.1,22.5,2608
2021/11/25,22.5,22.65,22.3,22.3,1724
2021/11/26,22.4,22.45,22,22,1948
2021/11/29,21.5,21.85,21.45,21.7,1679
2021/11/30,21.9,22.4,21.85,22.3,2725
2021/12/1,22.2,22.25,22,22.1,1595
2021/12/2,21.95,22.2,21.8,21.85,2292
2021/12/3,22,22.25,21.9,21.95,1440
2021/12/6,21.95,22.35,21.9,22.1,1737
2021/12/7,22.15,22.45,22.05,22.2,1919
2021/12/8,22.35,22.8,22.2,22.2,2559
2021/12/9,22.25,22.35,22,22.05,2996
2021/12/10,22,22.1,21.9,22.05,1929
2021/12/13,22.05,22.1,21.85,21.9,1795
2021/12/14,21.9,21.95,21.35,21.4,3262
2021/12/15,21.45,21.65,21.35,21.4,1092
2021/12/16,21.6,21.8,21.45,21.5,1443
2021/12/17,21.6,21.85,21.5,21.5,1610
2021/12/20,21.7,21.85,21.5,21.6,1346
2021/12/21,21.55,21.65,21.35,21.45,1424
2021/12/22,21.5,21.65,21.45,21.45,946
2021/12/23,21.45,21.6,21.4,21.45,1268
2021/12/24,21.5,21.6,21.4,21.45,899
2021/12/27,21.45,21.45,21.3,21.4,1644
2021/12/28,21.45,21.65,21.45,21.55,1258
2021/12/29,21.65,22.15,21.6,21.85,3638
2021/12/30,21.85,22.05,21.85,21.95,1538
